<?xml version="1.0" encoding="UTF-8" standalone="yes"?>
<addon id="script.hdr10toneremapper" name="HDR10 Toneremapper (Vero 4K/4K+)" version="0.2.0" provider-name="alxkum">
  <requires>
    <import addon="xbmc.python" version="2.26.0"/>
    <import addon="skin.osmc" version="1.0"/>
  </requires>
  <extension point="xbmc.service" library="addon.py"/>
  <extension point="xbmc.addon.metadata">
    <summary>Change what HDR10 metadata is sent to your TV</summary>
    <description>
Specifically, but not exclusively, made for fixing LG 2017 OLEDs' (B7, C7, E7) tone mapping:
LG updated their firmware and broke HDR10 tone mapping under multiple conditions (see https://www.avsforum.com/forum/139-display-calibration/2853954-lg-2017-oled-calibration-thread-settings-108.html#post59054246).
This addon automatically overrides the HDR10 metadata sent to the TV to trick it into using a tonemapping curve that follows the actual PQ-EOTF more closely.
Overall, this will provide an image that is less dim and avoids overbrightened highlights and black crush for most movies.

Active HDR should be disabled (Dynamic Contrast: Off) on your LG 2017.
Slight highlight clipping for movies with 2000+ nits scenes is unavoidable.

Only works on Vero 4K/4K+ devices, tested with kernel 3.14 (and OSMC 2019.11-1).
    </description>
    <disclaimer></disclaimer>
    <platform>all</platform>
    <license>GPL-2.0</license>
    <forum>https://discourse.osmc.tv/</forum>
    <website>https://github.com/alxkum/Kodi_script.hdr10toneremapper</website>
    <source>https://github.com/alxkum/Kodi_script.hdr10toneremapper</source>
    <assets>
        <icon>resources/icon.png</icon>
        <fanart></fanart>
        <banner></banner>
        <clearlogo></clearlogo>
        <screenshot></screenshot>
    </assets>
  </extension>
  <extension point="xbmc.addon.repository" name="HDR10 Toneremapper Repository">
      <info compressed="true">https://raw.githubusercontent.com/alxkum/Kodi_repository.hdr10toneremapper/master/addons.xml</info>
      <checksum>https://raw.githubusercontent.com/alxkum/Kodi_repository.hdr10toneremapper/master/addons.xml.md5</checksum>
      <datadir zip="true">https://raw.githubusercontent.com/alxkum/Kodi_repository.hdr10toneremapper/master</datadir>
  </extension>
</addon>
